{
  "test_portfolio.py": 1778975438.4147086,
  "test_local_parse.py": 1772142173.4389274,
  "scratch_print_view_parents_bs4.py": 1779053299.198922,
  "scratch_count_divs.py": 1779053222.6082745,
  "scratch_list_views.py": 1779052670.0522509,
  "verify_logic.py": 1771760971.5481007,
  "scratch_find_tag_matches.py": 1779053287.4730895,
  "investing_scraper.py": 1773594654.3175766,
  "debug_pyticker.py": 1771761869.6078355,
  "scratch_check.py": 1779052276.1502993,
  "scratch_find_malformed_tags.py": 1779053328.34912,
  "verify_caching_v2.py": 1772028026.1113079,
  "test_edge.py": 1772898007.359512,
  "schemas.py": 1778956242.6140676,
  "main.py": 1778956304.1260607,
  "scratch_find_mismatch.py": 1779053350.8370879,
  "verify_caching_perf.py": 1772057749.0542738,
  "scratch_check_divs.py": 1779052658.7852752,
  "test_subuniverse.py": 1772056456.7524426,
  "test_create_list.py": 1771762787.6957538,
  "finance_logic.py": 1779049971.922858,
  "scratch_fetch_served_html.py": 1779053310.210146,
  "scratch_check_divs_complete.py": 1779052693.6802003,
  "test_api.py": 1771883890.9320993,
  "scratch_count_divs_all.py": 1779053236.8182533,
  "scratch_find_all_unclosed.py": 1779053259.2712202,
  "database.py": 1778955774.7980108,
  "verify_roc_caching.py": 1772043383.581276,
  "static/script.js": 1779138612.5588968,
  "test.txt": 1777184766.9351501,
  "requirements.txt": 1772534807.189107,
  "Appunti_utilizzo_git.md": 1777580952.2861814,
  "Appunti_Stocks_Screener.md": 1779097185.0472672,
  "README.md": 1771760875.6659389,
  "implementation_plan.md": 1777125729.9849172,
  "error_page.html": 1773064231.8879664,
  "static/index.html": 1779138598.2759082
}